{
  "assetsByChunkName": {
    "vendors~app-account~app-confirmation~app-order": "chunk.b5985a3468fbf10e9562.js",
    "vendors~app-account~app-checkout": "chunk.dd3ac02abf63ab0c1fc7.js",
    "vendors~app-cart~app-checkout": "chunk.68851f7bbebece7bb891.js",
    "admin": [
      "admin.d12ace59f6f6e57afc87.js",
      "admin.d12ace59f6f6e57afc87.js.map"
    ],
    "app-account": "chunk.c71d08e3131e4cef9ba8.js",
    "app-confirmation": "chunk.ac0942ecd88edf470b21.js",
    "app-order": "chunk.e5130c574e1c02ed4f80.js",
    "checkout": [
      "checkout.b0edaa4c88d6fa2d7602.js",
      "checkout.b0edaa4c88d6fa2d7602.js.map"
    ],
    "storefront": [
      "storefront.0336b00c1c782fc08b4d.css",
      "storefront.aa93eb139d4acda7d0b0.js",
      "storefront.0336b00c1c782fc08b4d.css.map",
      "storefront.aa93eb139d4acda7d0b0.js.map"
    ],
    "vendors~app-cart": "chunk.148cf15a4b243d41c99d.js",
    "vendors~app-checkout": "chunk.986cd0d300165743a280.js"
  }
}