{
  "description": {
    "title": "",
    "text": ""
  },
  "links_1": {
    "list_pages": true,
    "title": "Páginas",
    "list": []
  },
  "links_2": {
    "list_categories": true,
    "title": "Categorias",
    "list": []
  },
  "contacts": {
    "title": "Contatos",
    "phone_wpp": true,
    "socials": true,
    "email": true,
    "address": true
  },
  "stamps": [
    {
      "src": "https://e-com.club/mass/ftp/tutoriais/tanp-or.png",
      "alt": "Secure connection"
    },
    {
      "src": "/img/uploads/tricooficial.png",
      "link": "https://transparencyreport.google.com/safe-browsing/search?url=www.tricooficial.com.br"
    },
    {
      "src": "/img/uploads/nortonsafeweb.png",
      "link": "https://safeweb.norton.com/report/show?url=www.tricooficial.com.br"
    }
  ],
  "payment_methods": {
    "bb": false,
    "visa": false,
    "boleto": false,
    "aura": false,
    "banrisul": false,
    "elo": false,
    "hipercard": false,
    "hsbc": false,
    "bradesco": false,
    "santander": false,
    "mastercard": false,
    "citibank": false,
    "hiper": false,
    "diners": false,
    "mais": false,
    "amex": false,
    "itau": false
  },
  "credits": ""
}