{
  "meta_title": "",
  "meta_description": "",
  "sections": [
    {
      "type": "responsive-banner",
      "img": "/img/uploads/whatsapp-image-2022-03-03-at-20.55.34.jpeg"
    },
    {
      "type": "responsive-banner",
      "img": "/img/uploads/entregas-0110.png"
    },
    {
      "type": "banners-grid",
      "banners": [
        {
          "img": "/img/uploads/020.png",
          "link": "https://www.tricooficial.com.br/inverno"
        },
        {
          "img": "/img/uploads/010.png",
          "link": "https://www.tricooficial.com.br/lancamentos"
        },
        {
          "img": "/img/uploads/030.png",
          "link": "https://www.tricooficial.com.br/verao/"
        }
      ]
    },
    {
      "type": "collection-shelf",
      "shuffle": false,
      "collection_id": "60b180b729a8311706501471:categories:Lançamentos:/lancamentos/",
      "limit": 12,
      "page": 1,
      "sort": "news",
      "link": "https://www.tricooficial.com.br/lancamentos/"
    },
    {
      "type": "collection-shelf",
      "shuffle": false,
      "limit": 12,
      "page": 1,
      "collection_id": "60b180b629a831170650146b:categories:Inverno :/inverno/",
      "sort": "sales",
      "link": "https://www.tricooficial.com.br/inverno/"
    },
    {
      "type": "collection-shelf",
      "shuffle": false,
      "limit": 12,
      "page": 1,
      "collection_id": "60b180b529a8311706501467:categories:Verão :/verao/",
      "sort": "sales",
      "link": "https://www.tricooficial.com.br/verao/"
    }
  ]
}